﻿<?xml version="1.0" encoding="UTF-8" standalone="yes"?>
<addon id="plugin.video.kodicine" name="KodiCine" version="0.0.6" provider-name="Douglaslauren">
  <requires>
    <import addon="xbmc.python" version="2.1.0"/>
  </requires>
  <extension point="xbmc.python.pluginsource" library="addon.py">
    <provides>video</provides>
  </extension>
  <extension point="xbmc.addon.metadata">
    <language>en</language>
    <platform>all</platform>
    <summary lang="en">Filmes 2015 HD Funcionando! Idioma Portugues</summary>
    <description lang="en">Filmes online em HD dublados. Lançamentos 2015. Filmes Dublados Idioma Portugues. Addon atualizado diariamente. Todos Filmes de 2015 e 2014 em qualidade 1080p e 720p!! Versão de teste.
	Acesse nosso site tirar duvidas, reportar erros, ficar atualizado etc.. www.Kodicine.890m.com.</description>
	<website>http://kodicine.890m.com/</website>
	<platform>all</platform>
  </extension>
</addon>
