﻿<?xml version="1.0" encoding="UTF-8" standalone="yes"?>
<addon id="repository.890m.com" name="890.com" version="0.0.2" provider-name="douglaslauren">
	<extension point="xbmc.addon.repository" name="890m.com Add-on Repository">
		<info compressed="false">http://raw.github.com/douglaslauren/repository.890m.com/master/addons.xml</info>
		<checksum>http://raw.github.com/douglaslauren/repository.890m.com/master/addons.xml.md5</checksum>
		<datadir zip="true">http://raw.github.com/douglaslauren/repository.890m.com/master/repo/</datadir>
	</extension>
	<extension point="xbmc.addon.metadata">
		<summary>890.com Addon</summary>
		<description>Addon Description</description>
		<disclaimer></disclaimer>
		<platform>all</platform>
	</extension>
</addon>